56510,"ADA, MN",ADA,MN,NORMAN
55909,"ADAMS, MN",ADAMS,MN,MOWER
55701,"ADOLPH, MN",ADOLPH,MN,SAINT LOUIS
56110,"ADRIAN, MN",ADRIAN,MN,NOBLES
55001,"AFTON, MN",AFTON,MN,WASHINGTON
56431,"AITKIN, MN",AITKIN,MN,AITKIN
56433,"AKELEY, MN",AKELEY,MN,HUBBARD
56307,"ALBANY, MN",ALBANY,MN,STEARNS
56007,"ALBERT LEA, MN",ALBERT LEA,MN,FREEBORN
56207,"ALBERTA, MN",ALBERTA,MN,STEVENS
55301,"ALBERTVILLE, MN",ALBERTVILLE,MN,WRIGHT
55702,"ALBORN, MN",ALBORN,MN,SAINT LOUIS
56009,"ALDEN, MN",ALDEN,MN,FREEBORN
56434,"ALDRICH, MN",ALDRICH,MN,WADENA
56308,"ALEXANDRIA, MN",ALEXANDRIA,MN,DOUGLAS
55002,"ALMELUND, MN",ALMELUND,MN,CHISAGO
56111,"ALPHA, MN",ALPHA,MN,JACKSON
55910,"ALTURA, MN",ALTURA,MN,WINONA
56710,"ALVARADO, MN",ALVARADO,MN,MARSHALL
56010,"AMBOY, MN",AMBOY,MN,BLUE EARTH
55304,"ANDOVER, MN",ANDOVER,MN,ANOKA
56711,"ANGLE INLET, MN",ANGLE INLET,MN,LAKE OF THE WOODS
55703,"ANGORA, MN",ANGORA,MN,SAINT LOUIS
55302,"ANNANDALE, MN",ANNANDALE,MN,WRIGHT
55303,"ANOKA, MN",ANOKA,MN,ANOKA
56208,"APPLETON, MN",APPLETON,MN,SWIFT
56113,"ARCO, MN",ARCO,MN,LINCOLN
56713,"ARGYLE, MN",ARGYLE,MN,MARSHALL
55307,"ARLINGTON, MN",ARLINGTON,MN,SIBLEY
56309,"ASHBY, MN",ASHBY,MN,GRANT
55704,"ASKOV, MN",ASKOV,MN,PINE
56209,"ATWATER, MN",ATWATER,MN,KANDIYOHI
56511,"AUDUBON, MN",AUDUBON,MN,BECKER
55705,"AURORA, MN",AURORA,MN,SAINT LOUIS
55912,"AUSTIN, MN",AUSTIN,MN,MOWER
56114,"AVOCA, MN",AVOCA,MN,MURRAY
56310,"AVON, MN",AVON,MN,STEARNS
55706,"BABBITT, MN",BABBITT,MN,SAINT LOUIS
56435,"BACKUS, MN",BACKUS,MN,CASS
56714,"BADGER, MN",BADGER,MN,ROSEAU
56621,"BAGLEY, MN",BAGLEY,MN,CLEARWATER
56115,"BALATON, MN",BALATON,MN,LYON
56514,"BARNESVILLE, MN",BARNESVILLE,MN,CLAY
55707,"BARNUM, MN",BARNUM,MN,CARLTON
56311,"BARRETT, MN",BARRETT,MN,GRANT
56210,"BARRY, MN",BARRY,MN,BIG STONE
56515,"BATTLE LAKE, MN",BATTLE LAKE,MN,OTTER TAIL
56623,"BAUDETTE, MN",BAUDETTE,MN,LAKE OF THE WOODS
56425,"BAXTER, MN",BAXTER,MN,CROW WING
55003,"BAYPORT, MN",BAYPORT,MN,WASHINGTON
56211,"BEARDSLEY, MN",BEARDSLEY,MN,BIG STONE
55601,"BEAVER BAY, MN",BEAVER BAY,MN,LAKE
56116,"BEAVER CREEK, MN",BEAVER CREEK,MN,ROCK
55308,"BECKER, MN",BECKER,MN,SHERBURNE
56516,"BEJOU, MN",BEJOU,MN,MAHNOMEN
56312,"BELGRADE, MN",BELGRADE,MN,STEARNS
56011,"BELLE PLAINE, MN",BELLE PLAINE,MN,SCOTT
56212,"BELLINGHAM, MN",BELLINGHAM,MN,LAC QUI PARLE
56517,"BELTRAMI, MN",BELTRAMI,MN,POLK
56214,"BELVIEW, MN",BELVIEW,MN,REDWOOD
56601,"BEMIDJI, MN",BEMIDJI,MN,BELTRAMI
56619,"BEMIDJI, MN",BEMIDJI,MN,BELTRAMI
56626,"BENA, MN",BENA,MN,CASS
56436,"BENEDICT, MN",BENEDICT,MN,HUBBARD
56215,"BENSON, MN",BENSON,MN,SWIFT
56437,"BERTHA, MN",BERTHA,MN,TODD
55005,"BETHEL, MN",BETHEL,MN,ANOKA
56627,"BIG FALLS, MN",BIG FALLS,MN,KOOCHICHING
55309,"BIG LAKE, MN",BIG LAKE,MN,SHERBURNE
56117,"BIGELOW, MN",BIGELOW,MN,NOBLES
56628,"BIGFORK, MN",BIGFORK,MN,ITASCA
56118,"BINGHAM LAKE, MN",BINGHAM LAKE,MN,COTTONWOOD
56629,"BIRCHDALE, MN",BIRCHDALE,MN,KOOCHICHING
55310,"BIRD ISLAND, MN",BIRD ISLAND,MN,RENVILLE
55708,"BIWABIK, MN",BIWABIK,MN,SAINT LOUIS
56630,"BLACKDUCK, MN",BLACKDUCK,MN,BELTRAMI
56216,"BLOMKEST, MN",BLOMKEST,MN,KANDIYOHI
55917,"BLOOMING PRAIRIE, MN",BLOOMING PRAIRIE,MN,STEELE
56013,"BLUE EARTH, MN",BLUE EARTH,MN,FARIBAULT
56518,"BLUFFTON, MN",BLUFFTON,MN,OTTER TAIL
56313,"BOCK, MN",BOCK,MN,MILLE LACS
56519,"BORUP, MN",BORUP,MN,NORMAN
55709,"BOVEY, MN",BOVEY,MN,ITASCA
56314,"BOWLUS, MN",BOWLUS,MN,MORRISON
56631,"BOWSTRING, MN",BOWSTRING,MN,ITASCA
56218,"BOYD, MN",BOYD,MN,LAC QUI PARLE
55006,"BRAHAM, MN",BRAHAM,MN,ISANTI
56401,"BRAINERD, MN",BRAINERD,MN,CROW WING
56315,"BRANDON, MN",BRANDON,MN,DOUGLAS
56520,"BRECKENRIDGE, MN",BRECKENRIDGE,MN,WILKIN
56119,"BREWSTER, MN",BREWSTER,MN,NOBLES
56014,"BRICELYN, MN",BRICELYN,MN,FARIBAULT
55602,"BRIMSON, MN",BRIMSON,MN,SAINT LOUIS
55710,"BRITT, MN",BRITT,MN,SAINT LOUIS
55007,"BROOK PARK, MN",BROOK PARK,MN,PINE
56715,"BROOKS, MN",BROOKS,MN,RED LAKE
55711,"BROOKSTON, MN",BROOKSTON,MN,SAINT LOUIS
56316,"BROOTEN, MN",BROOTEN,MN,STEARNS
56438,"BROWERVILLE, MN",BROWERVILLE,MN,TODD
56219,"BROWNS VALLEY, MN",BROWNS VALLEY,MN,TRAVERSE
55918,"BROWNSDALE, MN",BROWNSDALE,MN,MOWER
55919,"BROWNSVILLE, MN",BROWNSVILLE,MN,HOUSTON
55312,"BROWNTON, MN",BROWNTON,MN,MCLEOD
55712,"BRUNO, MN",BRUNO,MN,PINE
56317,"BUCKMAN, MN",BUCKMAN,MN,MORRISON
55313,"BUFFALO, MN",BUFFALO,MN,WRIGHT
55314,"BUFFALO LAKE, MN",BUFFALO LAKE,MN,RENVILLE
55713,"BUHL, MN",BUHL,MN,SAINT LOUIS
55306,"BURNSVILLE, MN",BURNSVILLE,MN,DAKOTA
55337,"BURNSVILLE, MN",BURNSVILLE,MN,DAKOTA
56318,"BURTRUM, MN",BURTRUM,MN,TODD
56120,"BUTTERFIELD, MN",BUTTERFIELD,MN,WATONWAN
55920,"BYRON, MN",BYRON,MN,OLMSTED
55921,"CALEDONIA, MN",CALEDONIA,MN,HOUSTON
56521,"CALLAWAY, MN",CALLAWAY,MN,BECKER
55716,"CALUMET, MN",CALUMET,MN,ITASCA
55008,"CAMBRIDGE, MN",CAMBRIDGE,MN,ISANTI
56522,"CAMPBELL, MN",CAMPBELL,MN,WILKIN
56220,"CANBY, MN",CANBY,MN,YELLOW MEDICINE
55009,"CANNON FALLS, MN",CANNON FALLS,MN,GOODHUE
55922,"CANTON, MN",CANTON,MN,FILLMORE
55717,"CANYON, MN",CANYON,MN,SAINT LOUIS
56319,"CARLOS, MN",CARLOS,MN,DOUGLAS
55718,"CARLTON, MN",CARLTON,MN,CARLTON
55315,"CARVER, MN",CARVER,MN,CARVER
56633,"CASS LAKE, MN",CASS LAKE,MN,CASS
55010,"CASTLE ROCK, MN",CASTLE ROCK,MN,DAKOTA
55011,"CEDAR, MN",CEDAR,MN,ANOKA
55012,"CENTER CITY, MN",CENTER CITY,MN,CHISAGO
56121,"CEYLON, MN",CEYLON,MN,MARTIN
55316,"CHAMPLIN, MN",CHAMPLIN,MN,HENNEPIN
56122,"CHANDLER, MN",CHANDLER,MN,MURRAY
55317,"CHANHASSEN, MN",CHANHASSEN,MN,CARVER
55318,"CHASKA, MN",CHASKA,MN,CARVER
55923,"CHATFIELD, MN",CHATFIELD,MN,FILLMORE
55013,"CHISAGO CITY, MN",CHISAGO CITY,MN,CHISAGO
55719,"CHISHOLM, MN",CHISHOLM,MN,SAINT LOUIS
56221,"CHOKIO, MN",CHOKIO,MN,STEVENS
55014,"CIRCLE PINES, MN",CIRCLE PINES,MN,ANOKA
56222,"CLARA CITY, MN",CLARA CITY,MN,CHIPPEWA
55924,"CLAREMONT, MN",CLAREMONT,MN,DODGE
56440,"CLARISSA, MN",CLARISSA,MN,TODD
56223,"CLARKFIELD, MN",CLARKFIELD,MN,YELLOW MEDICINE
56016,"CLARKS GROVE, MN",CLARKS GROVE,MN,FREEBORN
55319,"CLEAR LAKE, MN",CLEAR LAKE,MN,SHERBURNE
56634,"CLEARBROOK, MN",CLEARBROOK,MN,CLEARWATER
55320,"CLEARWATER, MN",CLEARWATER,MN,WRIGHT
56224,"CLEMENTS, MN",CLEMENTS,MN,REDWOOD
56017,"CLEVELAND, MN",CLEVELAND,MN,LE SUEUR
56523,"CLIMAX, MN",CLIMAX,MN,POLK
56225,"CLINTON, MN",CLINTON,MN,BIG STONE
56524,"CLITHERALL, MN",CLITHERALL,MN,OTTER TAIL
56226,"CLONTARF, MN",CLONTARF,MN,SWIFT
55720,"CLOQUET, MN",CLOQUET,MN,CARLTON
55721,"COHASSET, MN",COHASSET,MN,ITASCA
55321,"COKATO, MN",COKATO,MN,WRIGHT
56320,"COLD SPRING, MN",COLD SPRING,MN,STEARNS
55722,"COLERAINE, MN",COLERAINE,MN,ITASCA
56321,"COLLEGEVILLE, MN",COLLEGEVILLE,MN,STEARNS
55322,"COLOGNE, MN",COLOGNE,MN,CARVER
56019,"COMFREY, MN",COMFREY,MN,BROWN
56525,"COMSTOCK, MN",COMSTOCK,MN,CLAY
56020,"CONGER, MN",CONGER,MN,FREEBORN
55723,"COOK, MN",COOK,MN,SAINT LOUIS
56227,"CORRELL, MN",CORRELL,MN,BIG STONE
56228,"COSMOS, MN",COSMOS,MN,MEEKER
55016,"COTTAGE GROVE, MN",COTTAGE GROVE,MN,WASHINGTON
55724,"COTTON, MN",COTTON,MN,SAINT LOUIS
56229,"COTTONWOOD, MN",COTTONWOOD,MN,LYON
56021,"COURTLAND, MN",COURTLAND,MN,NICOLLET
55725,"CRANE LAKE, MN",CRANE LAKE,MN,SAINT LOUIS
55726,"CROMWELL, MN",CROMWELL,MN,CARLTON
56716,"CROOKSTON, MN",CROOKSTON,MN,POLK
56441,"CROSBY, MN",CROSBY,MN,CROW WING
56442,"CROSSLAKE, MN",CROSSLAKE,MN,CROW WING
55323,"CRYSTAL BAY, MN",CRYSTAL BAY,MN,HENNEPIN
56123,"CURRIE, MN",CURRIE,MN,MURRAY
56443,"CUSHING, MN",CUSHING,MN,MORRISON
56323,"CYRUS, MN",CYRUS,MN,POPE
55925,"DAKOTA, MN",DAKOTA,MN,WINONA
55017,"DALBO, MN",DALBO,MN,ISANTI
56324,"DALTON, MN",DALTON,MN,OTTER TAIL
56230,"DANUBE, MN",DANUBE,MN,RENVILLE
56231,"DANVERS, MN",DANVERS,MN,SWIFT
56022,"DARFUR, MN",DARFUR,MN,WATONWAN
55324,"DARWIN, MN",DARWIN,MN,MEEKER
55325,"DASSEL, MN",DASSEL,MN,MEEKER
56232,"DAWSON, MN",DAWSON,MN,LAC QUI PARLE
55327,"DAYTON, MN",DAYTON,MN,HENNEPIN
56527,"DEER CREEK, MN",DEER CREEK,MN,OTTER TAIL
56636,"DEER RIVER, MN",DEER RIVER,MN,ITASCA
56444,"DEERWOOD, MN",DEERWOOD,MN,CROW WING
55328,"DELANO, MN",DELANO,MN,WRIGHT
56023,"DELAVAN, MN",DELAVAN,MN,FARIBAULT
55018,"DENNISON, MN",DENNISON,MN,GOODHUE
56528,"DENT, MN",DENT,MN,OTTER TAIL
56501,"DETROIT LAKES, MN",DETROIT LAKES,MN,BECKER
56502,"DETROIT LAKES, MN",DETROIT LAKES,MN,BECKER
55926,"DEXTER, MN",DEXTER,MN,MOWER
56529,"DILWORTH, MN",DILWORTH,MN,CLAY
55927,"DODGE CENTER, MN",DODGE CENTER,MN,DODGE
56720,"DONALDSON, MN",DONALDSON,MN,KITTSON
56235,"DONNELLY, MN",DONNELLY,MN,STEVENS
55929,"DOVER, MN",DOVER,MN,OLMSTED
56125,"DOVRAY, MN",DOVRAY,MN,MURRAY
55801,"DULUTH, MN",DULUTH,MN,SAINT LOUIS
55802,"DULUTH, MN",DULUTH,MN,SAINT LOUIS
55803,"DULUTH, MN",DULUTH,MN,SAINT LOUIS
55804,"DULUTH, MN",DULUTH,MN,SAINT LOUIS
55805,"DULUTH, MN",DULUTH,MN,SAINT LOUIS
55806,"DULUTH, MN",DULUTH,MN,SAINT LOUIS
55807,"DULUTH, MN",DULUTH,MN,SAINT LOUIS
55808,"DULUTH, MN",DULUTH,MN,SAINT LOUIS
55810,"DULUTH, MN",DULUTH,MN,SAINT LOUIS
55811,"DULUTH, MN",DULUTH,MN,SAINT LOUIS
55812,"DULUTH, MN",DULUTH,MN,SAINT LOUIS
55814,"DULUTH, MN",DULUTH,MN,SAINT LOUIS
55815,"DULUTH, MN",DULUTH,MN,SAINT LOUIS
55816,"DULUTH, MN",DULUTH,MN,SAINT LOUIS
56236,"DUMONT, MN",DUMONT,MN,TRAVERSE
55019,"DUNDAS, MN",DUNDAS,MN,RICE
56127,"DUNNELL, MN",DUNNELL,MN,MARTIN
56446,"EAGLE BEND, MN",EAGLE BEND,MN,TODD
56024,"EAGLE LAKE, MN",EAGLE LAKE,MN,BLUE EARTH
56721,"EAST GRAND FORKS, MN",EAST GRAND FORKS,MN,POLK
56025,"EASTON, MN",EASTON,MN,FARIBAULT
56237,"ECHO, MN",ECHO,MN,YELLOW MEDICINE
55344,"EDEN PRAIRIE, MN",EDEN PRAIRIE,MN,HENNEPIN
55346,"EDEN PRAIRIE, MN",EDEN PRAIRIE,MN,HENNEPIN
55347,"EDEN PRAIRIE, MN",EDEN PRAIRIE,MN,HENNEPIN
55329,"EDEN VALLEY, MN",EDEN VALLEY,MN,MEEKER
56128,"EDGERTON, MN",EDGERTON,MN,PIPESTONE
56639,"EFFIE, MN",EFFIE,MN,ITASCA
55931,"EITZEN, MN",EITZEN,MN,HOUSTON
56531,"ELBOW LAKE, MN",ELBOW LAKE,MN,GRANT
55932,"ELGIN, MN",ELGIN,MN,WABASHA
56533,"ELIZABETH, MN",ELIZABETH,MN,OTTER TAIL
55330,"ELK RIVER, MN",ELK RIVER,MN,SHERBURNE
55020,"ELKO NEW MARKET, MN",ELKO NEW MARKET,MN,SCOTT
55054,"ELKO NEW MARKET, MN",ELKO NEW MARKET,MN,SCOTT
55933,"ELKTON, MN",ELKTON,MN,MOWER
56026,"ELLENDALE, MN",ELLENDALE,MN,STEELE
56129,"ELLSWORTH, MN",ELLSWORTH,MN,NOBLES
56027,"ELMORE, MN",ELMORE,MN,FARIBAULT
56325,"ELROSA, MN",ELROSA,MN,STEARNS
55731,"ELY, MN",ELY,MN,SAINT LOUIS
56028,"ELYSIAN, MN",ELYSIAN,MN,LE SUEUR
55732,"EMBARRASS, MN",EMBARRASS,MN,SAINT LOUIS
56447,"EMILY, MN",EMILY,MN,CROW WING
56029,"EMMONS, MN",EMMONS,MN,FREEBORN
56534,"ERHARD, MN",ERHARD,MN,OTTER TAIL
56535,"ERSKINE, MN",ERSKINE,MN,POLK
55733,"ESKO, MN",ESKO,MN,CARLTON
56030,"ESSIG, MN",ESSIG,MN,BROWN
56722,"EUCLID, MN",EUCLID,MN,POLK
56326,"EVANSVILLE, MN",EVANSVILLE,MN,DOUGLAS
55734,"EVELETH, MN",EVELETH,MN,SAINT LOUIS
55331,"EXCELSIOR, MN",EXCELSIOR,MN,HENNEPIN
55934,"EYOTA, MN",EYOTA,MN,OLMSTED
55332,"FAIRFAX, MN",FAIRFAX,MN,RENVILLE
56031,"FAIRMONT, MN",FAIRMONT,MN,MARTIN
55021,"FARIBAULT, MN",FARIBAULT,MN,RICE
55024,"FARMINGTON, MN",FARMINGTON,MN,DAKOTA
56327,"FARWELL, MN",FARWELL,MN,DOUGLAS
56641,"FEDERAL DAM, MN",FEDERAL DAM,MN,CASS
56536,"FELTON, MN",FELTON,MN,CLAY
56537,"FERGUS FALLS, MN",FERGUS FALLS,MN,OTTER TAIL
56538,"FERGUS FALLS, MN",FERGUS FALLS,MN,OTTER TAIL
56540,"FERTILE, MN",FERTILE,MN,POLK
56448,"FIFTY LAKES, MN",FIFTY LAKES,MN,CROW WING
55603,"FINLAND, MN",FINLAND,MN,LAKE
55735,"FINLAYSON, MN",FINLAYSON,MN,PINE
56723,"FISHER, MN",FISHER,MN,POLK
56328,"FLENSBURG, MN",FLENSBURG,MN,MORRISON
56541,"FLOM, MN",FLOM,MN,NORMAN
55736,"FLOODWOOD, MN",FLOODWOOD,MN,SAINT LOUIS
56329,"FOLEY, MN",FOLEY,MN,BENTON
55738,"FORBES, MN",FORBES,MN,SAINT LOUIS
55025,"FOREST LAKE, MN",FOREST LAKE,MN,WASHINGTON
56330,"FORESTON, MN",FORESTON,MN,MILLE LACS
56449,"FORT RIPLEY, MN",FORT RIPLEY,MN,CROW WING
56542,"FOSSTON, MN",FOSSTON,MN,POLK
55935,"FOUNTAIN, MN",FOUNTAIN,MN,FILLMORE
56543,"FOXHOME, MN",FOXHOME,MN,WILKIN
55333,"FRANKLIN, MN",FRANKLIN,MN,RENVILLE
56544,"FRAZEE, MN",FRAZEE,MN,BECKER
56032,"FREEBORN, MN",FREEBORN,MN,FREEBORN
56331,"FREEPORT, MN",FREEPORT,MN,STEARNS
55026,"FRONTENAC, MN",FRONTENAC,MN,GOODHUE
56033,"FROST, MN",FROST,MN,FARIBAULT
56131,"FULDA, MN",FULDA,MN,MURRAY
56034,"GARDEN CITY, MN",GARDEN CITY,MN,BLUE EARTH
56332,"GARFIELD, MN",GARFIELD,MN,DOUGLAS
56450,"GARRISON, MN",GARRISON,MN,CROW WING
56132,"GARVIN, MN",GARVIN,MN,LYON
56545,"GARY, MN",GARY,MN,NORMAN
56724,"GATZKE, MN",GATZKE,MN,MARSHALL
55334,"GAYLORD, MN",GAYLORD,MN,SIBLEY
56035,"GENEVA, MN",GENEVA,MN,FREEBORN
56546,"GEORGETOWN, MN",GEORGETOWN,MN,CLAY
56239,"GHENT, MN",GHENT,MN,LYON
55335,"GIBBON, MN",GIBBON,MN,SIBLEY
55741,"GILBERT, MN",GILBERT,MN,SAINT LOUIS
56333,"GILMAN, MN",GILMAN,MN,BENTON
55336,"GLENCOE, MN",GLENCOE,MN,MCLEOD
56036,"GLENVILLE, MN",GLENVILLE,MN,FREEBORN
56334,"GLENWOOD, MN",GLENWOOD,MN,POPE
56547,"GLYNDON, MN",GLYNDON,MN,CLAY
56644,"GONVICK, MN",GONVICK,MN,CLEARWATER
56037,"GOOD THUNDER, MN",GOOD THUNDER,MN,BLUE EARTH
55027,"GOODHUE, MN",GOODHUE,MN,GOODHUE
55742,"GOODLAND, MN",GOODLAND,MN,ITASCA
56725,"GOODRIDGE, MN",GOODRIDGE,MN,PENNINGTON
56240,"GRACEVILLE, MN",GRACEVILLE,MN,BIG STONE
56039,"GRANADA, MN",GRANADA,MN,MARTIN
55604,"GRAND MARAIS, MN",GRAND MARAIS,MN,COOK
55936,"GRAND MEADOW, MN",GRAND MEADOW,MN,MOWER
55605,"GRAND PORTAGE, MN",GRAND PORTAGE,MN,COOK
55730,"GRAND RAPIDS, MN",GRAND RAPIDS,MN,ITASCA
55744,"GRAND RAPIDS, MN",GRAND RAPIDS,MN,ITASCA
55029,"GRANDY, MN",GRANDY,MN,ISANTI
56241,"GRANITE FALLS, MN",GRANITE FALLS,MN,YELLOW MEDICINE
55030,"GRASSTON, MN",GRASSTON,MN,PINE
55338,"GREEN ISLE, MN",GREEN ISLE,MN,SIBLEY
56726,"GREENBUSH, MN",GREENBUSH,MN,ROSEAU
56335,"GREENWALD, MN",GREENWALD,MN,STEARNS
56336,"GREY EAGLE, MN",GREY EAGLE,MN,TODD
56243,"GROVE CITY, MN",GROVE CITY,MN,MEEKER
56727,"GRYGLA, MN",GRYGLA,MN,MARSHALL
56646,"GULLY, MN",GULLY,MN,POLK
56452,"HACKENSACK, MN",HACKENSACK,MN,CASS
56728,"HALLOCK, MN",HALLOCK,MN,KITTSON
56729,"HALMA, MN",HALMA,MN,KITTSON
56548,"HALSTAD, MN",HALSTAD,MN,NORMAN
55339,"HAMBURG, MN",HAMBURG,MN,CARVER
55340,"HAMEL, MN",HAMEL,MN,HENNEPIN
55031,"HAMPTON, MN",HAMPTON,MN,DAKOTA
56244,"HANCOCK, MN",HANCOCK,MN,STEVENS
56245,"HANLEY FALLS, MN",HANLEY FALLS,MN,YELLOW MEDICINE
55341,"HANOVER, MN",HANOVER,MN,WRIGHT
56041,"HANSKA, MN",HANSKA,MN,BROWN
56134,"HARDWICK, MN",HARDWICK,MN,ROCK
55939,"HARMONY, MN",HARMONY,MN,FILLMORE
55032,"HARRIS, MN",HARRIS,MN,CHISAGO
56042,"HARTLAND, MN",HARTLAND,MN,FREEBORN
55033,"HASTINGS, MN",HASTINGS,MN,DAKOTA
56549,"HAWLEY, MN",HAWLEY,MN,CLAY
55940,"HAYFIELD, MN",HAYFIELD,MN,DODGE
56043,"HAYWARD, MN",HAYWARD,MN,FREEBORN
55342,"HECTOR, MN",HECTOR,MN,RENVILLE
56044,"HENDERSON, MN",HENDERSON,MN,SIBLEY
56136,"HENDRICKS, MN",HENDRICKS,MN,LINCOLN
56550,"HENDRUM, MN",HENDRUM,MN,NORMAN
56551,"HENNING, MN",HENNING,MN,OTTER TAIL
55036,"HENRIETTE, MN",HENRIETTE,MN,PINE
56248,"HERMAN, MN",HERMAN,MN,GRANT
56137,"HERON LAKE, MN",HERON LAKE,MN,JACKSON
56453,"HEWITT, MN",HEWITT,MN,TODD
55746,"HIBBING, MN",HIBBING,MN,SAINT LOUIS
55748,"HILL CITY, MN",HILL CITY,MN,AITKIN
56338,"HILLMAN, MN",HILLMAN,MN,MORRISON
56138,"HILLS, MN",HILLS,MN,ROCK
55037,"HINCKLEY, MN",HINCKLEY,MN,PINE
56647,"HINES, MN",HINES,MN,BELTRAMI
56552,"HITTERDAL, MN",HITTERDAL,MN,CLAY
56339,"HOFFMAN, MN",HOFFMAN,MN,GRANT
55941,"HOKAH, MN",HOKAH,MN,HOUSTON
56340,"HOLDINGFORD, MN",HOLDINGFORD,MN,STEARNS
56139,"HOLLAND, MN",HOLLAND,MN,PIPESTONE
56045,"HOLLANDALE, MN",HOLLANDALE,MN,FREEBORN
56249,"HOLLOWAY, MN",HOLLOWAY,MN,SWIFT
56341,"HOLMES CITY, MN",HOLMES CITY,MN,DOUGLAS
55749,"HOLYOKE, MN",HOLYOKE,MN,CARLTON
55942,"HOMER, MN",HOMER,MN,WINONA
56046,"HOPE, MN",HOPE,MN,STEELE
55305,"HOPKINS, MN",HOPKINS,MN,HENNEPIN
55343,"HOPKINS, MN",HOPKINS,MN,HENNEPIN
55943,"HOUSTON, MN",HOUSTON,MN,HOUSTON
55606,"HOVLAND, MN",HOVLAND,MN,COOK
55349,"HOWARD LAKE, MN",HOWARD LAKE,MN,WRIGHT
55750,"HOYT LAKES, MN",HOYT LAKES,MN,SAINT LOUIS
55038,"HUGO, MN",HUGO,MN,WASHINGTON
56731,"HUMBOLDT, MN",HUMBOLDT,MN,KITTSON
56047,"HUNTLEY, MN",HUNTLEY,MN,FARIBAULT
55350,"HUTCHINSON, MN",HUTCHINSON,MN,MCLEOD
56140,"IHLEN, MN",IHLEN,MN,PIPESTONE
56649,"INTERNATIONAL FALLS, MN",INTERNATIONAL FALLS,MN,KOOCHICHING
55076,"INVER GROVE HEIGHTS, MN",INVER GROVE HEIGHTS,MN,DAKOTA
55077,"INVER GROVE HEIGHTS, MN",INVER GROVE HEIGHTS,MN,DAKOTA
56141,"IONA, MN",IONA,MN,MURRAY
55751,"IRON, MN",IRON,MN,SAINT LOUIS
56455,"IRONTON, MN",IRONTON,MN,CROW WING
55607,"ISABELLA, MN",ISABELLA,MN,LAKE
55040,"ISANTI, MN",ISANTI,MN,ISANTI
56342,"ISLE, MN",ISLE,MN,MILLE LACS
56142,"IVANHOE, MN",IVANHOE,MN,LINCOLN
56143,"JACKSON, MN",JACKSON,MN,JACKSON
55752,"JACOBSON, MN",JACOBSON,MN,ITASCA
56048,"JANESVILLE, MN",JANESVILLE,MN,WASECA
56144,"JASPER, MN",JASPER,MN,ROCK
56145,"JEFFERS, MN",JEFFERS,MN,COTTONWOOD
56456,"JENKINS, MN",JENKINS,MN,CROW WING
55352,"JORDAN, MN",JORDAN,MN,SCOTT
56669,"KABETOGAMA, MN",KABETOGAMA,MN,KOOCHICHING
56146,"KANARANZI, MN",KANARANZI,MN,NOBLES
56251,"KANDIYOHI, MN",KANDIYOHI,MN,KANDIYOHI
56732,"KARLSTAD, MN",KARLSTAD,MN,KITTSON
56050,"KASOTA, MN",KASOTA,MN,LE SUEUR
55944,"KASSON, MN",KASSON,MN,DODGE
55753,"KEEWATIN, MN",KEEWATIN,MN,ITASCA
56650,"KELLIHER, MN",KELLIHER,MN,BELTRAMI
55945,"KELLOGG, MN",KELLOGG,MN,WABASHA
56733,"KENNEDY, MN",KENNEDY,MN,KITTSON
56147,"KENNETH, MN",KENNETH,MN,ROCK
56343,"KENSINGTON, MN",KENSINGTON,MN,DOUGLAS
56553,"KENT, MN",KENT,MN,WILKIN
55946,"KENYON, MN",KENYON,MN,GOODHUE
56252,"KERKHOVEN, MN",KERKHOVEN,MN,SWIFT
55756,"KERRICK, MN",KERRICK,MN,PINE
55757,"KETTLE RIVER, MN",KETTLE RIVER,MN,CARLTON
56051,"KIESTER, MN",KIESTER,MN,FARIBAULT
56052,"KILKENNY, MN",KILKENNY,MN,RICE
55353,"KIMBALL, MN",KIMBALL,MN,STEARNS
55758,"KINNEY, MN",KINNEY,MN,SAINT LOUIS
55609,"KNIFE RIVER, MN",KNIFE RIVER,MN,LAKE
55947,"LA CRESCENT, MN",LA CRESCENT,MN,HOUSTON
56056,"LA SALLE, MN",LA SALLE,MN,WATONWAN
56054,"LAFAYETTE, MN",LAFAYETTE,MN,NICOLLET
56149,"LAKE BENTON, MN",LAKE BENTON,MN,LINCOLN
56734,"LAKE BRONSON, MN",LAKE BRONSON,MN,KITTSON
55041,"LAKE CITY, MN",LAKE CITY,MN,WABASHA
56055,"LAKE CRYSTAL, MN",LAKE CRYSTAL,MN,BLUE EARTH
55042,"LAKE ELMO, MN",LAKE ELMO,MN,WASHINGTON
56458,"LAKE GEORGE, MN",LAKE GEORGE,MN,HUBBARD
56459,"LAKE HUBERT, MN",LAKE HUBERT,MN,CROW WING
56253,"LAKE LILLIAN, MN",LAKE LILLIAN,MN,KANDIYOHI
56554,"LAKE PARK, MN",LAKE PARK,MN,BECKER
56151,"LAKE WILSON, MN",LAKE WILSON,MN,MURRAY
56150,"LAKEFIELD, MN",LAKEFIELD,MN,JACKSON
55043,"LAKELAND, MN",LAKELAND,MN,WASHINGTON
55044,"LAKEVILLE, MN",LAKEVILLE,MN,DAKOTA
56152,"LAMBERTON, MN",LAMBERTON,MN,REDWOOD
56735,"LANCASTER, MN",LANCASTER,MN,KITTSON
55949,"LANESBORO, MN",LANESBORO,MN,FILLMORE
55950,"LANSING, MN",LANSING,MN,MOWER
56461,"LAPORTE, MN",LAPORTE,MN,HUBBARD
56344,"LASTRUP, MN",LASTRUP,MN,MORRISON
56057,"LE CENTER, MN",LE CENTER,MN,LE SUEUR
55951,"LE ROY, MN",LE ROY,MN,MOWER
56058,"LE SUEUR, MN",LE SUEUR,MN,LE SUEUR
56651,"LENGBY, MN",LENGBY,MN,MAHNOMEN
56652,"LEONARD, MN",LEONARD,MN,CLEARWATER
56153,"LEOTA, MN",LEOTA,MN,NOBLES
55354,"LESTER PRAIRIE, MN",LESTER PRAIRIE,MN,MCLEOD
55952,"LEWISTON, MN",LEWISTON,MN,WINONA
56060,"LEWISVILLE, MN",LEWISVILLE,MN,WATONWAN
55045,"LINDSTROM, MN",LINDSTROM,MN,CHISAGO
56155,"LISMORE, MN",LISMORE,MN,NOBLES
55355,"LITCHFIELD, MN",LITCHFIELD,MN,MEEKER
56345,"LITTLE FALLS, MN",LITTLE FALLS,MN,MORRISON
56653,"LITTLEFORK, MN",LITTLEFORK,MN,KOOCHICHING
56654,"LOMAN, MN",LOMAN,MN,KOOCHICHING
55356,"LONG LAKE, MN",LONG LAKE,MN,HENNEPIN
56347,"LONG PRAIRIE, MN",LONG PRAIRIE,MN,TODD
56655,"LONGVILLE, MN",LONGVILLE,MN,CASS
55046,"LONSDALE, MN",LONSDALE,MN,RICE
55357,"LORETTO, MN",LORETTO,MN,HENNEPIN
55598,"LORETTO, MN",LORETTO,MN,HENNEPIN
56349,"LOWRY, MN",LOWRY,MN,POPE
56255,"LUCAN, MN",LUCAN,MN,REDWOOD
55612,"LUTSEN, MN",LUTSEN,MN,COOK
56156,"LUVERNE, MN",LUVERNE,MN,ROCK
55953,"LYLE, MN",LYLE,MN,MOWER
56157,"LYND, MN",LYND,MN,LYON
55954,"MABEL, MN",MABEL,MN,FILLMORE
56062,"MADELIA, MN",MADELIA,MN,WATONWAN
56256,"MADISON, MN",MADISON,MN,LAC QUI PARLE
56063,"MADISON LAKE, MN",MADISON LAKE,MN,BLUE EARTH
56158,"MAGNOLIA, MN",MAGNOLIA,MN,ROCK
56557,"MAHNOMEN, MN",MAHNOMEN,MN,MAHNOMEN
55763,"MAKINEN, MN",MAKINEN,MN,SAINT LOUIS
56001,"MANKATO, MN",MANKATO,MN,BLUE EARTH
56002,"MANKATO, MN",MANKATO,MN,BLUE EARTH
56006,"MANKATO, MN",MANKATO,MN,BLUE EARTH
56003,"MANKATO, MN",MANKATO,MN,NICOLLET
55955,"MANTORVILLE, MN",MANTORVILLE,MN,DODGE
55358,"MAPLE LAKE, MN",MAPLE LAKE,MN,WRIGHT
55348,"MAPLE PLAIN, MN",MAPLE PLAIN,MN,HENNEPIN
55359,"MAPLE PLAIN, MN",MAPLE PLAIN,MN,HENNEPIN
56065,"MAPLETON, MN",MAPLETON,MN,BLUE EARTH
55764,"MARBLE, MN",MARBLE,MN,ITASCA
56657,"MARCELL, MN",MARCELL,MN,ITASCA
56257,"MARIETTA, MN",MARIETTA,MN,LAC QUI PARLE
55047,"MARINE ON SAINT CROIX, MN",MARINE ON SAINT CROIX,MN,WASHINGTON
56258,"MARSHALL, MN",MARSHALL,MN,LYON
56659,"MAX, MN",MAX,MN,ITASCA
55360,"MAYER, MN",MAYER,MN,CARVER
56260,"MAYNARD, MN",MAYNARD,MN,CHIPPEWA
55956,"MAZEPPA, MN",MAZEPPA,MN,WABASHA
56350,"MC GRATH, MN",MC GRATH,MN,AITKIN
55760,"MCGREGOR, MN",MCGREGOR,MN,AITKIN
56556,"MCINTOSH, MN",MCINTOSH,MN,POLK
55765,"MEADOWLANDS, MN",MEADOWLANDS,MN,SAINT LOUIS
55049,"MEDFORD, MN",MEDFORD,MN,STEELE
56352,"MELROSE, MN",MELROSE,MN,STEARNS
56464,"MENAHGA, MN",MENAHGA,MN,WADENA
55150,"MENDOTA, MN",MENDOTA,MN,DAKOTA
56736,"MENTOR, MN",MENTOR,MN,POLK
56465,"MERRIFIELD, MN",MERRIFIELD,MN,CROW WING
56737,"MIDDLE RIVER, MN",MIDDLE RIVER,MN,MARSHALL
56353,"MILACA, MN",MILACA,MN,MILLE LACS
56262,"MILAN, MN",MILAN,MN,CHIPPEWA
55957,"MILLVILLE, MN",MILLVILLE,MN,WABASHA
56263,"MILROY, MN",MILROY,MN,REDWOOD
56354,"MILTONA, MN",MILTONA,MN,DOUGLAS
55421,"MINNEAPOLIS, MN",MINNEAPOLIS,MN,ANOKA
55432,"MINNEAPOLIS, MN",MINNEAPOLIS,MN,ANOKA
55433,"MINNEAPOLIS, MN",MINNEAPOLIS,MN,ANOKA
55434,"MINNEAPOLIS, MN",MINNEAPOLIS,MN,ANOKA
55448,"MINNEAPOLIS, MN",MINNEAPOLIS,MN,ANOKA
55449,"MINNEAPOLIS, MN",MINNEAPOLIS,MN,ANOKA
55401,"MINNEAPOLIS, MN",MINNEAPOLIS,MN,HENNEPIN
55402,"MINNEAPOLIS, MN",MINNEAPOLIS,MN,HENNEPIN
55403,"MINNEAPOLIS, MN",MINNEAPOLIS,MN,HENNEPIN
55404,"MINNEAPOLIS, MN",MINNEAPOLIS,MN,HENNEPIN
55405,"MINNEAPOLIS, MN",MINNEAPOLIS,MN,HENNEPIN
55406,"MINNEAPOLIS, MN",MINNEAPOLIS,MN,HENNEPIN
55407,"MINNEAPOLIS, MN",MINNEAPOLIS,MN,HENNEPIN
55408,"MINNEAPOLIS, MN",MINNEAPOLIS,MN,HENNEPIN
55409,"MINNEAPOLIS, MN",MINNEAPOLIS,MN,HENNEPIN
55410,"MINNEAPOLIS, MN",MINNEAPOLIS,MN,HENNEPIN
55411,"MINNEAPOLIS, MN",MINNEAPOLIS,MN,HENNEPIN
55412,"MINNEAPOLIS, MN",MINNEAPOLIS,MN,HENNEPIN
55413,"MINNEAPOLIS, MN",MINNEAPOLIS,MN,HENNEPIN
55414,"MINNEAPOLIS, MN",MINNEAPOLIS,MN,HENNEPIN
55415,"MINNEAPOLIS, MN",MINNEAPOLIS,MN,HENNEPIN
55416,"MINNEAPOLIS, MN",MINNEAPOLIS,MN,HENNEPIN
55417,"MINNEAPOLIS, MN",MINNEAPOLIS,MN,HENNEPIN
55418,"MINNEAPOLIS, MN",MINNEAPOLIS,MN,HENNEPIN
55419,"MINNEAPOLIS, MN",MINNEAPOLIS,MN,HENNEPIN
55420,"MINNEAPOLIS, MN",MINNEAPOLIS,MN,HENNEPIN
55422,"MINNEAPOLIS, MN",MINNEAPOLIS,MN,HENNEPIN
55423,"MINNEAPOLIS, MN",MINNEAPOLIS,MN,HENNEPIN
55424,"MINNEAPOLIS, MN",MINNEAPOLIS,MN,HENNEPIN
55425,"MINNEAPOLIS, MN",MINNEAPOLIS,MN,HENNEPIN
55426,"MINNEAPOLIS, MN",MINNEAPOLIS,MN,HENNEPIN
55427,"MINNEAPOLIS, MN",MINNEAPOLIS,MN,HENNEPIN
55428,"MINNEAPOLIS, MN",MINNEAPOLIS,MN,HENNEPIN
55429,"MINNEAPOLIS, MN",MINNEAPOLIS,MN,HENNEPIN
55430,"MINNEAPOLIS, MN",MINNEAPOLIS,MN,HENNEPIN
55431,"MINNEAPOLIS, MN",MINNEAPOLIS,MN,HENNEPIN
55435,"MINNEAPOLIS, MN",MINNEAPOLIS,MN,HENNEPIN
55436,"MINNEAPOLIS, MN",MINNEAPOLIS,MN,HENNEPIN
55437,"MINNEAPOLIS, MN",MINNEAPOLIS,MN,HENNEPIN
55438,"MINNEAPOLIS, MN",MINNEAPOLIS,MN,HENNEPIN
55439,"MINNEAPOLIS, MN",MINNEAPOLIS,MN,HENNEPIN
55440,"MINNEAPOLIS, MN",MINNEAPOLIS,MN,HENNEPIN
55441,"MINNEAPOLIS, MN",MINNEAPOLIS,MN,HENNEPIN
55442,"MINNEAPOLIS, MN",MINNEAPOLIS,MN,HENNEPIN
55443,"MINNEAPOLIS, MN",MINNEAPOLIS,MN,HENNEPIN
55444,"MINNEAPOLIS, MN",MINNEAPOLIS,MN,HENNEPIN
55445,"MINNEAPOLIS, MN",MINNEAPOLIS,MN,HENNEPIN
55446,"MINNEAPOLIS, MN",MINNEAPOLIS,MN,HENNEPIN
55447,"MINNEAPOLIS, MN",MINNEAPOLIS,MN,HENNEPIN
55450,"MINNEAPOLIS, MN",MINNEAPOLIS,MN,HENNEPIN
55454,"MINNEAPOLIS, MN",MINNEAPOLIS,MN,HENNEPIN
55455,"MINNEAPOLIS, MN",MINNEAPOLIS,MN,HENNEPIN
55458,"MINNEAPOLIS, MN",MINNEAPOLIS,MN,HENNEPIN
55459,"MINNEAPOLIS, MN",MINNEAPOLIS,MN,HENNEPIN
55467,"MINNEAPOLIS, MN",MINNEAPOLIS,MN,HENNEPIN
55472,"MINNEAPOLIS, MN",MINNEAPOLIS,MN,HENNEPIN
55474,"MINNEAPOLIS, MN",MINNEAPOLIS,MN,HENNEPIN
55479,"MINNEAPOLIS, MN",MINNEAPOLIS,MN,HENNEPIN
55480,"MINNEAPOLIS, MN",MINNEAPOLIS,MN,HENNEPIN
55487,"MINNEAPOLIS, MN",MINNEAPOLIS,MN,HENNEPIN
55488,"MINNEAPOLIS, MN",MINNEAPOLIS,MN,HENNEPIN
56264,"MINNEOTA, MN",MINNEOTA,MN,LYON
55959,"MINNESOTA CITY, MN",MINNESOTA CITY,MN,WINONA
56068,"MINNESOTA LAKE, MN",MINNESOTA LAKE,MN,FARIBAULT
55345,"MINNETONKA, MN",MINNETONKA,MN,HENNEPIN
55361,"MINNETONKA BEACH, MN",MINNETONKA BEACH,MN,HENNEPIN
56660,"MIZPAH, MN",MIZPAH,MN,KOOCHICHING
56265,"MONTEVIDEO, MN",MONTEVIDEO,MN,CHIPPEWA
56069,"MONTGOMERY, MN",MONTGOMERY,MN,LE SUEUR
55362,"MONTICELLO, MN",MONTICELLO,MN,WRIGHT
55590,"MONTICELLO, MN",MONTICELLO,MN,WRIGHT
55363,"MONTROSE, MN",MONTROSE,MN,WRIGHT
56560,"MOORHEAD, MN",MOORHEAD,MN,CLAY
56561,"MOORHEAD, MN",MOORHEAD,MN,CLAY
56562,"MOORHEAD, MN",MOORHEAD,MN,CLAY
56563,"MOORHEAD, MN",MOORHEAD,MN,CLAY
55767,"MOOSE LAKE, MN",MOOSE LAKE,MN,CARLTON
55051,"MORA, MN",MORA,MN,KANABEC
56266,"MORGAN, MN",MORGAN,MN,REDWOOD
56267,"MORRIS, MN",MORRIS,MN,STEVENS
55052,"MORRISTOWN, MN",MORRISTOWN,MN,RICE
56270,"MORTON, MN",MORTON,MN,RENVILLE
56466,"MOTLEY, MN",MOTLEY,MN,MORRISON
55364,"MOUND, MN",MOUND,MN,HENNEPIN
55768,"MOUNTAIN IRON, MN",MOUNTAIN IRON,MN,SAINT LOUIS
56159,"MOUNTAIN LAKE, MN",MOUNTAIN LAKE,MN,COTTONWOOD
56271,"MURDOCK, MN",MURDOCK,MN,SWIFT
56565,"NASHUA, MN",NASHUA,MN,WILKIN
55769,"NASHWAUK, MN",NASHWAUK,MN,ITASCA
55392,"NAVARRE, MN",NAVARRE,MN,HENNEPIN
56566,"NAYTAHWAUSH, MN",NAYTAHWAUSH,MN,MAHNOMEN
56355,"NELSON, MN",NELSON,MN,DOUGLAS
55053,"NERSTRAND, MN",NERSTRAND,MN,RICE
55772,"NETT LAKE, MN",NETT LAKE,MN,SAINT LOUIS
56467,"NEVIS, MN",NEVIS,MN,HUBBARD
55366,"NEW AUBURN, MN",NEW AUBURN,MN,SIBLEY
55367,"NEW GERMANY, MN",NEW GERMANY,MN,CARVER
56273,"NEW LONDON, MN",NEW LONDON,MN,KANDIYOHI
56356,"NEW MUNICH, MN",NEW MUNICH,MN,STEARNS
56071,"NEW PRAGUE, MN",NEW PRAGUE,MN,SCOTT
56072,"NEW RICHLAND, MN",NEW RICHLAND,MN,WASECA
56073,"NEW ULM, MN",NEW ULM,MN,BROWN
56567,"NEW YORK MILLS, MN",NEW YORK MILLS,MN,OTTER TAIL
56738,"NEWFOLDEN, MN",NEWFOLDEN,MN,MARSHALL
55055,"NEWPORT, MN",NEWPORT,MN,WASHINGTON
56074,"NICOLLET, MN",NICOLLET,MN,NICOLLET
56568,"NIELSVILLE, MN",NIELSVILLE,MN,POLK
56478,"NIMROD, MN",NIMROD,MN,WADENA
56468,"NISSWA, MN",NISSWA,MN,CROW WING
56274,"NORCROSS, MN",NORCROSS,MN,GRANT
55056,"NORTH BRANCH, MN",NORTH BRANCH,MN,CHISAGO
55057,"NORTHFIELD, MN",NORTHFIELD,MN,RICE
56661,"NORTHOME, MN",NORTHOME,MN,KOOCHICHING
56075,"NORTHROP, MN",NORTHROP,MN,MARTIN
55554,"NORWOOD, MN",NORWOOD,MN,CARVER
55368,"NORWOOD YOUNG AMERICA, MN",NORWOOD YOUNG AMERICA,MN,CARVER
56741,"OAK ISLAND, MN",OAK ISLAND,MN,LAKE OF THE WOODS
56357,"OAK PARK, MN",OAK PARK,MN,BENTON
56276,"ODESSA, MN",ODESSA,MN,BIG STONE
56160,"ODIN, MN",ODIN,MN,WATONWAN
56569,"OGEMA, MN",OGEMA,MN,BECKER
56358,"OGILVIE, MN",OGILVIE,MN,KANABEC
56161,"OKABENA, MN",OKABENA,MN,JACKSON
56742,"OKLEE, MN",OKLEE,MN,RED LAKE
56277,"OLIVIA, MN",OLIVIA,MN,RENVILLE
56359,"ONAMIA, MN",ONAMIA,MN,MILLE LACS
56162,"ORMSBY, MN",ORMSBY,MN,MARTIN
55960,"ORONOCO, MN",ORONOCO,MN,OLMSTED
55771,"ORR, MN",ORR,MN,SAINT LOUIS
56278,"ORTONVILLE, MN",ORTONVILLE,MN,BIG STONE
56570,"OSAGE, MN",OSAGE,MN,BECKER
56360,"OSAKIS, MN",OSAKIS,MN,DOUGLAS
56744,"OSLO, MN",OSLO,MN,MARSHALL
55311,"OSSEO, MN",OSSEO,MN,HENNEPIN
55369,"OSSEO, MN",OSSEO,MN,HENNEPIN
55961,"OSTRANDER, MN",OSTRANDER,MN,FILLMORE
56571,"OTTERTAIL, MN",OTTERTAIL,MN,OTTER TAIL
56662,"OUTING, MN",OUTING,MN,CASS
55060,"OWATONNA, MN",OWATONNA,MN,STEELE
56469,"PALISADE, MN",PALISADE,MN,AITKIN
56470,"PARK RAPIDS, MN",PARK RAPIDS,MN,HUBBARD
56361,"PARKERS PRAIRIE, MN",PARKERS PRAIRIE,MN,OTTER TAIL
56362,"PAYNESVILLE, MN",PAYNESVILLE,MN,STEARNS
56363,"PEASE, MN",PEASE,MN,MILLE LACS
56572,"PELICAN RAPIDS, MN",PELICAN RAPIDS,MN,OTTER TAIL
56078,"PEMBERTON, MN",PEMBERTON,MN,BLUE EARTH
55775,"PENGILLY, MN",PENGILLY,MN,ITASCA
56663,"PENNINGTON, MN",PENNINGTON,MN,BELTRAMI
56279,"PENNOCK, MN",PENNOCK,MN,KANDIYOHI
56472,"PEQUOT LAKES, MN",PEQUOT LAKES,MN,CROW WING
56573,"PERHAM, MN",PERHAM,MN,OTTER TAIL
56574,"PERLEY, MN",PERLEY,MN,NORMAN
55962,"PETERSON, MN",PETERSON,MN,FILLMORE
56364,"PIERZ, MN",PIERZ,MN,MORRISON
56473,"PILLAGER, MN",PILLAGER,MN,CASS
55063,"PINE CITY, MN",PINE CITY,MN,PINE
55963,"PINE ISLAND, MN",PINE ISLAND,MN,GOODHUE
56474,"PINE RIVER, MN",PINE RIVER,MN,CASS
56164,"PIPESTONE, MN",PIPESTONE,MN,PIPESTONE
55964,"PLAINVIEW, MN",PLAINVIEW,MN,WABASHA
55370,"PLATO, MN",PLATO,MN,MCLEOD
56748,"PLUMMER, MN",PLUMMER,MN,RED LAKE
56575,"PONSFORD, MN",PONSFORD,MN,BECKER
56280,"PORTER, MN",PORTER,MN,YELLOW MEDICINE
55965,"PRESTON, MN",PRESTON,MN,FILLMORE
55371,"PRINCETON, MN",PRINCETON,MN,MILLE LACS
56281,"PRINSBURG, MN",PRINSBURG,MN,KANDIYOHI
55372,"PRIOR LAKE, MN",PRIOR LAKE,MN,SCOTT
56667,"PUPOSKY, MN",PUPOSKY,MN,BELTRAMI
55967,"RACINE, MN",RACINE,MN,MOWER
56475,"RANDALL, MN",RANDALL,MN,MORRISON
55065,"RANDOLPH, MN",RANDOLPH,MN,DAKOTA
56668,"RANIER, MN",RANIER,MN,KOOCHICHING
56282,"RAYMOND, MN",RAYMOND,MN,KANDIYOHI
56165,"READING, MN",READING,MN,NOBLES
55968,"READS LANDING, MN",READS LANDING,MN,WABASHA
56750,"RED LAKE FALLS, MN",RED LAKE FALLS,MN,RED LAKE
55066,"RED WING, MN",RED WING,MN,GOODHUE
56670,"REDBY, MN",REDBY,MN,BELTRAMI
56671,"REDLAKE, MN",REDLAKE,MN,BELTRAMI
56283,"REDWOOD FALLS, MN",REDWOOD FALLS,MN,REDWOOD
56672,"REMER, MN",REMER,MN,CASS
56284,"RENVILLE, MN",RENVILLE,MN,RENVILLE
56166,"REVERE, MN",REVERE,MN,REDWOOD
56367,"RICE, MN",RICE,MN,BENTON
56368,"RICHMOND, MN",RICHMOND,MN,STEARNS
56576,"RICHVILLE, MN",RICHVILLE,MN,OTTER TAIL
56577,"RICHWOOD, MN",RICHWOOD,MN,BECKER
56578,"ROCHERT, MN",ROCHERT,MN,BECKER
55901,"ROCHESTER, MN",ROCHESTER,MN,OLMSTED
55902,"ROCHESTER, MN",ROCHESTER,MN,OLMSTED
55903,"ROCHESTER, MN",ROCHESTER,MN,OLMSTED
55904,"ROCHESTER, MN",ROCHESTER,MN,OLMSTED
55905,"ROCHESTER, MN",ROCHESTER,MN,OLMSTED
55906,"ROCHESTER, MN",ROCHESTER,MN,OLMSTED
55067,"ROCK CREEK, MN",ROCK CREEK,MN,PINE
55572,"ROCKFORD, MN",ROCKFORD,MN,HENNEPIN
55373,"ROCKFORD, MN",ROCKFORD,MN,WRIGHT
56369,"ROCKVILLE, MN",ROCKVILLE,MN,STEARNS
55374,"ROGERS, MN",ROGERS,MN,HENNEPIN
55969,"ROLLINGSTONE, MN",ROLLINGSTONE,MN,WINONA
56673,"ROOSEVELT, MN",ROOSEVELT,MN,ROSEAU
56371,"ROSCOE, MN",ROSCOE,MN,STEARNS
55970,"ROSE CREEK, MN",ROSE CREEK,MN,MOWER
56751,"ROSEAU, MN",ROSEAU,MN,ROSEAU
55068,"ROSEMOUNT, MN",ROSEMOUNT,MN,DAKOTA
56579,"ROTHSAY, MN",ROTHSAY,MN,WILKIN
56167,"ROUND LAKE, MN",ROUND LAKE,MN,NOBLES
56373,"ROYALTON, MN",ROYALTON,MN,MORRISON
55069,"RUSH CITY, MN",RUSH CITY,MN,CHISAGO
55971,"RUSHFORD, MN",RUSHFORD,MN,FILLMORE
56168,"RUSHMORE, MN",RUSHMORE,MN,NOBLES
56169,"RUSSELL, MN",RUSSELL,MN,LYON
56170,"RUTHTON, MN",RUTHTON,MN,PIPESTONE
56580,"SABIN, MN",SABIN,MN,CLAY
56285,"SACRED HEART, MN",SACRED HEART,MN,RENVILLE
55779,"SAGINAW, MN",SAGINAW,MN,SAINT LOUIS
55375,"SAINT BONIFACIUS, MN",SAINT BONIFACIUS,MN,HENNEPIN
55972,"SAINT CHARLES, MN",SAINT CHARLES,MN,WINONA
56080,"SAINT CLAIR, MN",SAINT CLAIR,MN,BLUE EARTH
56304,"SAINT CLOUD, MN",SAINT CLOUD,MN,SHERBURNE
56301,"SAINT CLOUD, MN",SAINT CLOUD,MN,STEARNS
56302,"SAINT CLOUD, MN",SAINT CLOUD,MN,STEARNS
56303,"SAINT CLOUD, MN",SAINT CLOUD,MN,STEARNS
56372,"SAINT CLOUD, MN",SAINT CLOUD,MN,STEARNS
56393,"SAINT CLOUD, MN",SAINT CLOUD,MN,STEARNS
55070,"SAINT FRANCIS, MN",SAINT FRANCIS,MN,ANOKA
56754,"SAINT HILAIRE, MN",SAINT HILAIRE,MN,PENNINGTON
56081,"SAINT JAMES, MN",SAINT JAMES,MN,WATONWAN
56374,"SAINT JOSEPH, MN",SAINT JOSEPH,MN,STEARNS
56376,"SAINT MARTIN, MN",SAINT MARTIN,MN,STEARNS
55376,"SAINT MICHAEL, MN",SAINT MICHAEL,MN,WRIGHT
55118,"SAINT PAUL, MN",SAINT PAUL,MN,DAKOTA
55120,"SAINT PAUL, MN",SAINT PAUL,MN,DAKOTA
55121,"SAINT PAUL, MN",SAINT PAUL,MN,DAKOTA
55122,"SAINT PAUL, MN",SAINT PAUL,MN,DAKOTA
55123,"SAINT PAUL, MN",SAINT PAUL,MN,DAKOTA
55124,"SAINT PAUL, MN",SAINT PAUL,MN,DAKOTA
55111,"SAINT PAUL, MN",SAINT PAUL,MN,HENNEPIN
55101,"SAINT PAUL, MN",SAINT PAUL,MN,RAMSEY
55102,"SAINT PAUL, MN",SAINT PAUL,MN,RAMSEY
55103,"SAINT PAUL, MN",SAINT PAUL,MN,RAMSEY
55104,"SAINT PAUL, MN",SAINT PAUL,MN,RAMSEY
55105,"SAINT PAUL, MN",SAINT PAUL,MN,RAMSEY
55106,"SAINT PAUL, MN",SAINT PAUL,MN,RAMSEY
55107,"SAINT PAUL, MN",SAINT PAUL,MN,RAMSEY
55108,"SAINT PAUL, MN",SAINT PAUL,MN,RAMSEY
55109,"SAINT PAUL, MN",SAINT PAUL,MN,RAMSEY
55110,"SAINT PAUL, MN",SAINT PAUL,MN,RAMSEY
55112,"SAINT PAUL, MN",SAINT PAUL,MN,RAMSEY
55113,"SAINT PAUL, MN",SAINT PAUL,MN,RAMSEY
55114,"SAINT PAUL, MN",SAINT PAUL,MN,RAMSEY
55116,"SAINT PAUL, MN",SAINT PAUL,MN,RAMSEY
55117,"SAINT PAUL, MN",SAINT PAUL,MN,RAMSEY
55119,"SAINT PAUL, MN",SAINT PAUL,MN,RAMSEY
55126,"SAINT PAUL, MN",SAINT PAUL,MN,RAMSEY
55127,"SAINT PAUL, MN",SAINT PAUL,MN,RAMSEY
55130,"SAINT PAUL, MN",SAINT PAUL,MN,RAMSEY
55133,"SAINT PAUL, MN",SAINT PAUL,MN,RAMSEY
55144,"SAINT PAUL, MN",SAINT PAUL,MN,RAMSEY
55155,"SAINT PAUL, MN",SAINT PAUL,MN,RAMSEY
55164,"SAINT PAUL, MN",SAINT PAUL,MN,RAMSEY
55165,"SAINT PAUL, MN",SAINT PAUL,MN,RAMSEY
55175,"SAINT PAUL, MN",SAINT PAUL,MN,RAMSEY
55115,"SAINT PAUL, MN",SAINT PAUL,MN,WASHINGTON
55125,"SAINT PAUL, MN",SAINT PAUL,MN,WASHINGTON
55128,"SAINT PAUL, MN",SAINT PAUL,MN,WASHINGTON
55129,"SAINT PAUL, MN",SAINT PAUL,MN,WASHINGTON
55071,"SAINT PAUL PARK, MN",SAINT PAUL PARK,MN,WASHINGTON
56082,"SAINT PETER, MN",SAINT PETER,MN,NICOLLET
56375,"SAINT STEPHEN, MN",SAINT STEPHEN,MN,STEARNS
56755,"SAINT VINCENT, MN",SAINT VINCENT,MN,KITTSON
56756,"SALOL, MN",SALOL,MN,ROSEAU
56083,"SANBORN, MN",SANBORN,MN,REDWOOD
55072,"SANDSTONE, MN",SANDSTONE,MN,PINE
55377,"SANTIAGO, MN",SANTIAGO,MN,SHERBURNE
55973,"SARGEANT, MN",SARGEANT,MN,MOWER
56377,"SARTELL, MN",SARTELL,MN,STEARNS
56378,"SAUK CENTRE, MN",SAUK CENTRE,MN,STEARNS
56379,"SAUK RAPIDS, MN",SAUK RAPIDS,MN,BENTON
55378,"SAVAGE, MN",SAVAGE,MN,SCOTT
55780,"SAWYER, MN",SAWYER,MN,CARLTON
55073,"SCANDIA, MN",SCANDIA,MN,WASHINGTON
55613,"SCHROEDER, MN",SCHROEDER,MN,COOK
56477,"SEBEKA, MN",SEBEKA,MN,WADENA
55074,"SHAFER, MN",SHAFER,MN,CHISAGO
55379,"SHAKOPEE, MN",SHAKOPEE,MN,SCOTT
56581,"SHELLY, MN",SHELLY,MN,NORMAN
56171,"SHERBURN, MN",SHERBURN,MN,MARTIN
56676,"SHEVLIN, MN",SHEVLIN,MN,CLEARWATER
55781,"SIDE LAKE, MN",SIDE LAKE,MN,SAINT LOUIS
55614,"SILVER BAY, MN",SILVER BAY,MN,LAKE
55380,"SILVER CREEK, MN",SILVER CREEK,MN,WRIGHT
55381,"SILVER LAKE, MN",SILVER LAKE,MN,MCLEOD
56172,"SLAYTON, MN",SLAYTON,MN,MURRAY
56085,"SLEEPY EYE, MN",SLEEPY EYE,MN,BROWN
56678,"SOLWAY, MN",SOLWAY,MN,BELTRAMI
55782,"SOUDAN, MN",SOUDAN,MN,SAINT LOUIS
55382,"SOUTH HAVEN, MN",SOUTH HAVEN,MN,WRIGHT
56679,"SOUTH INTERNATIONAL FALLS, MN",SOUTH INTERNATIONAL FALLS,MN,KOOCHICHING
55075,"SOUTH SAINT PAUL, MN",SOUTH SAINT PAUL,MN,DAKOTA
56288,"SPICER, MN",SPICER,MN,KANDIYOHI
55974,"SPRING GROVE, MN",SPRING GROVE,MN,HOUSTON
56680,"SPRING LAKE, MN",SPRING LAKE,MN,ITASCA
55384,"SPRING PARK, MN",SPRING PARK,MN,HENNEPIN
55975,"SPRING VALLEY, MN",SPRING VALLEY,MN,FILLMORE
56087,"SPRINGFIELD, MN",SPRINGFIELD,MN,BROWN
56681,"SQUAW LAKE, MN",SQUAW LAKE,MN,ITASCA
55078,"STACY, MN",STACY,MN,CHISAGO
55079,"STACY, MN",STACY,MN,CHISAGO
55080,"STANCHFIELD, MN",STANCHFIELD,MN,ISANTI
56479,"STAPLES, MN",STAPLES,MN,WADENA
56381,"STARBUCK, MN",STARBUCK,MN,POPE
56173,"STEEN, MN",STEEN,MN,ROCK
56757,"STEPHEN, MN",STEPHEN,MN,MARSHALL
55385,"STEWART, MN",STEWART,MN,MCLEOD
55976,"STEWARTVILLE, MN",STEWARTVILLE,MN,OLMSTED
55082,"STILLWATER, MN",STILLWATER,MN,WASHINGTON
55083,"STILLWATER, MN",STILLWATER,MN,WASHINGTON
55988,"STOCKTON, MN",STOCKTON,MN,WINONA
56174,"STORDEN, MN",STORDEN,MN,COTTONWOOD
56758,"STRANDQUIST, MN",STRANDQUIST,MN,MARSHALL
56759,"STRATHCONA, MN",STRATHCONA,MN,ROSEAU
55783,"STURGEON LAKE, MN",STURGEON LAKE,MN,PINE
56289,"SUNBURG, MN",SUNBURG,MN,KANDIYOHI
55784,"SWAN RIVER, MN",SWAN RIVER,MN,ITASCA
56382,"SWANVILLE, MN",SWANVILLE,MN,MORRISON
55785,"SWATARA, MN",SWATARA,MN,CASS
55786,"TACONITE, MN",TACONITE,MN,ITASCA
56637,"TALMOON, MN",TALMOON,MN,ITASCA
55787,"TAMARACK, MN",TAMARACK,MN,AITKIN
55977,"TAOPI, MN",TAOPI,MN,MOWER
56291,"TAUNTON, MN",TAUNTON,MN,LYON
55084,"TAYLORS FALLS, MN",TAYLORS FALLS,MN,CHISAGO
56683,"TENSTRIKE, MN",TENSTRIKE,MN,BELTRAMI
56701,"THIEF RIVER FALLS, MN",THIEF RIVER FALLS,MN,PENNINGTON
56583,"TINTAH, MN",TINTAH,MN,TRAVERSE
55615,"TOFTE, MN",TOFTE,MN,COOK
55790,"TOWER, MN",TOWER,MN,SAINT LOUIS
56175,"TRACY, MN",TRACY,MN,LYON
56684,"TRAIL, MN",TRAIL,MN,POLK
56176,"TRIMONT, MN",TRIMONT,MN,MARTIN
56088,"TRUMAN, MN",TRUMAN,MN,MARTIN
55791,"TWIG, MN",TWIG,MN,SAINT LOUIS
56089,"TWIN LAKES, MN",TWIN LAKES,MN,FREEBORN
56584,"TWIN VALLEY, MN",TWIN VALLEY,MN,NORMAN
55616,"TWO HARBORS, MN",TWO HARBORS,MN,LAKE
56178,"TYLER, MN",TYLER,MN,LINCOLN
56585,"ULEN, MN",ULEN,MN,CLAY
56586,"UNDERWOOD, MN",UNDERWOOD,MN,OTTER TAIL
56384,"UPSALA, MN",UPSALA,MN,MORRISON
55979,"UTICA, MN",UTICA,MN,WINONA
56587,"VERGAS, MN",VERGAS,MN,OTTER TAIL
55085,"VERMILLION, MN",VERMILLION,MN,DAKOTA
56481,"VERNDALE, MN",VERNDALE,MN,WADENA
56090,"VERNON CENTER, MN",VERNON CENTER,MN,BLUE EARTH
56292,"VESTA, MN",VESTA,MN,REDWOOD
55386,"VICTORIA, MN",VICTORIA,MN,CARVER
56760,"VIKING, MN",VIKING,MN,MARSHALL
56385,"VILLARD, MN",VILLARD,MN,POPE
56588,"VINING, MN",VINING,MN,OTTER TAIL
55792,"VIRGINIA, MN",VIRGINIA,MN,SAINT LOUIS
55981,"WABASHA, MN",WABASHA,MN,WABASHA
56293,"WABASSO, MN",WABASSO,MN,REDWOOD
55387,"WACONIA, MN",WACONIA,MN,CARVER
56482,"WADENA, MN",WADENA,MN,WADENA
56386,"WAHKON, MN",WAHKON,MN,MILLE LACS
56387,"WAITE PARK, MN",WAITE PARK,MN,STEARNS
56091,"WALDORF, MN",WALDORF,MN,WASECA
56484,"WALKER, MN",WALKER,MN,CASS
56180,"WALNUT GROVE, MN",WALNUT GROVE,MN,REDWOOD
55982,"WALTHAM, MN",WALTHAM,MN,MOWER
55983,"WANAMINGO, MN",WANAMINGO,MN,GOODHUE
56294,"WANDA, MN",WANDA,MN,REDWOOD
56761,"WANNASKA, MN",WANNASKA,MN,ROSEAU
55793,"WARBA, MN",WARBA,MN,ITASCA
56762,"WARREN, MN",WARREN,MN,MARSHALL
56763,"WARROAD, MN",WARROAD,MN,ROSEAU
55087,"WARSAW, MN",WARSAW,MN,RICE
56093,"WASECA, MN",WASECA,MN,WASECA
56685,"WASKISH, MN",WASKISH,MN,BELTRAMI
55388,"WATERTOWN, MN",WATERTOWN,MN,CARVER
56096,"WATERVILLE, MN",WATERVILLE,MN,LE SUEUR
55389,"WATKINS, MN",WATKINS,MN,MEEKER
56295,"WATSON, MN",WATSON,MN,CHIPPEWA
56589,"WAUBUN, MN",WAUBUN,MN,BECKER
55390,"WAVERLY, MN",WAVERLY,MN,WRIGHT
55391,"WAYZATA, MN",WAYZATA,MN,HENNEPIN
55088,"WEBSTER, MN",WEBSTER,MN,RICE
55089,"WELCH, MN",WELCH,MN,GOODHUE
56181,"WELCOME, MN",WELCOME,MN,MARTIN
56097,"WELLS, MN",WELLS,MN,FARIBAULT
56590,"WENDELL, MN",WENDELL,MN,GRANT
55985,"WEST CONCORD, MN",WEST CONCORD,MN,DODGE
56389,"WEST UNION, MN",WEST UNION,MN,TODD
56183,"WESTBROOK, MN",WESTBROOK,MN,COTTONWOOD
56296,"WHEATON, MN",WHEATON,MN,TRAVERSE
55090,"WILLERNIE, MN",WILLERNIE,MN,WASHINGTON
56686,"WILLIAMS, MN",WILLIAMS,MN,LAKE OF THE WOODS
56201,"WILLMAR, MN",WILLMAR,MN,KANDIYOHI
55795,"WILLOW RIVER, MN",WILLOW RIVER,MN,PINE
56185,"WILMONT, MN",WILMONT,MN,NOBLES
56101,"WINDOM, MN",WINDOM,MN,COTTONWOOD
56592,"WINGER, MN",WINGER,MN,POLK
56098,"WINNEBAGO, MN",WINNEBAGO,MN,FARIBAULT
55987,"WINONA, MN",WINONA,MN,WINONA
55395,"WINSTED, MN",WINSTED,MN,MCLEOD
55396,"WINTHROP, MN",WINTHROP,MN,SIBLEY
55796,"WINTON, MN",WINTON,MN,SAINT LOUIS
56593,"WOLF LAKE, MN",WOLF LAKE,MN,BECKER
56594,"WOLVERTON, MN",WOLVERTON,MN,WILKIN
56297,"WOOD LAKE, MN",WOOD LAKE,MN,YELLOW MEDICINE
56186,"WOODSTOCK, MN",WOODSTOCK,MN,PIPESTONE
56187,"WORTHINGTON, MN",WORTHINGTON,MN,NOBLES
55797,"WRENSHALL, MN",WRENSHALL,MN,CARLTON
55798,"WRIGHT, MN",WRIGHT,MN,CARLTON
55990,"WYKOFF, MN",WYKOFF,MN,FILLMORE
55092,"WYOMING, MN",WYOMING,MN,CHISAGO
55397,"YOUNG AMERICA, MN",YOUNG AMERICA,MN,CARVER
55399,"YOUNG AMERICA, MN",YOUNG AMERICA,MN,CARVER
55398,"ZIMMERMAN, MN",ZIMMERMAN,MN,SHERBURNE
55991,"ZUMBRO FALLS, MN",ZUMBRO FALLS,MN,WABASHA
55992,"ZUMBROTA, MN",ZUMBROTA,MN,GOODHUE
